Agency,Region,Ridership Density (UPT/mi),Fleet Utilization,Cost per Trip ($),Service Intensity (VRM/mi),Rev. Hr Efficiency (UPT/VRH),On-Time Performance,Peak Capacity (seats),Composite Score,Overall Rank,Tier
Caltrain,West Coast,91066.44155844155,63.9%,$24.66,88319.84415584416,32.74348713303106,92.0%,7000,76.8,1,Top Performer
MBTA,Northeast,56613.95903614458,84.9%,$20.33,57171.56626506024,28.810857110623875,93.2%,19800,69.9,2,Average
SEPTA,Mid-Atlantic,68226.97857142857,74.5%,$16.56,59955.546428571426,22.406548063073842,87.9%,15300,55.3,3,Average
NJ Transit,Northeast,53231.20099009901,66.4%,$24.46,58917.02376237624,29.32261495257475,92.1%,37400,53.5,4,Average
Metra,Midwest,28059.715789473685,61.8%,$28.03,37863.094736842104,21.941245506369793,95.0%,14250,29.2,5,Below Average
MARC,Mid-Atlantic,18057.951871657755,74.1%,$46.88,33997.49732620321,20.04854749366217,90.0%,9600,10.9,6,Needs Improvement
